Reference,Qty,Description,Recommended part/value,Package / interface,Notes
U1,1,MCU module,Seeed XIAO ESP32-C3,Module,Kit part; mount on underside per board footprint
U2,1,I2C GPIO expander,MCP23017-I/SO,SOIC-28W,Address 0x20; keypad matrix
U3,1,RTC,DS3231S,SOIC-16W,Address 0x68; unused VBAT tied to GND
U4,1,AA boost converter,TI TPS61023DRLR or equivalent TPS61023 SOT-563,6-pin SOT-563,Check exact package variant/pin-1 mark against datasheet
L1,1,Boost inductor,Würth 74438357010 1uH,4.1x4.1mm shielded,Select >=7A saturation current; follow TI layout guidance
D13,1,5V isolation diode,SS14 Schottky,DO-214AC / SMA,Pad 2 anode=boost; pad 1 cathode=XIAO 5V
C3,1,Boost input capacitor,10uF 10V X7R,0805,Place tight to U4 VIN/GND
C4,1,High-frequency input bypass,100nF X7R,0603,Place tight to U4 VIN/GND
C5-C6,2,Boost output capacitors,22uF 10V X7R,0805,Parallel; check effective capacitance under DC bias
R6,1,Feedback upper resistor,732k 1%,0603,BOOST_5V to FB
R7,1,Feedback lower resistor,100k 1%,0603,FB to GND
DISP1,1,Display module,2.25in ST7789 76x284 panel,8-pin jumper cable,Kit item; VCC=3V3; BL active-low
J1,1,TFT connector,1x8 2.54mm pin header,Through-hole,BLARE kit order: GND,3V3,SCLK,MOSI,RST,DC,CS,BL
J2,1,I2C expansion,1x4 2.54mm header,Through-hole,3V3/GND/SDA/SCL
J3,1,2-cell battery input,JST-PH 2-pin 2.0mm,Side-entry connector,Two AA in series; switched battery-positive input
BT1,1,AA holder,2-cell AA series holder with JST-PH lead,External case pocket,Alkaline or NiMH pair; no charging circuit on PCB
SW-PWR,1,Power switch,SPST slide switch rated >=1A,Inline on AA positive lead,Panel slot in battery pod; confirm switch body dimensions
SW01-SW12,12,MX-style mechanical switches,BLARE kit switches,Plate-mount,4 columns x 3 rows; 19.05mm pitch
D01-D12,12,Signal diodes,1N4148,DO-35 axial,One per key; matrix direction per PCB
BZ1,1,Piezo buzzer,3.3V piezo,12mm / 7.6mm lead pitch,Kit item; driven by Q1
Q1,1,Buzzer NPN transistor,MMBT3904, SOT-23,Low-side switch; confirm package pinout
R1,1,Buzzer base resistor,1k,0603,GPIO-to-base
R2,1,RTC interrupt pull-up,10k,0603,RTC_INT net currently unused by starter code
R3,1,MCP reset pull-up,10k,0603,RESET to 3V3
R4-R5,2,I2C pull-ups,4.7k,0603,SDA and SCL to 3V3
C1-C2,2,Logic decoupling,100nF X7R,0603,One each for MCP23017 and DS3231
H1-H4,4,PCB mounting holes,M3 clearance,3.2mm NPTH,Match case supports/heat-set inserts
CASE,1,Enclosure set,Top plate, bottom shell, display bezel, battery pod and door,3D printed,See CAD folder; verify exact display/holder and switch sizes before printing
