Reference,Value,Pad,Net,X_mm,Y_mm,Side
BZ1,3.3V PIEZO,1,3V3,28.200,74.000,B.Cu
BZ1,3.3V PIEZO,2,BUZZER,35.800,74.000,B.Cu
C1,100nF MCP DECOUPLE,1,3V3,56.300,74.700,B.Cu
C1,100nF MCP DECOUPLE,2,GND,56.300,76.300,B.Cu
C2,100nF RTC DECOUPLE,1,3V3,70.500,70.000,B.Cu
C2,100nF RTC DECOUPLE,2,GND,70.500,71.600,B.Cu
C3,10uF 10V X7R IN,1,BAT_RAW,79.450,68.500,B.Cu
C3,10uF 10V X7R IN,2,GND,77.550,68.500,B.Cu
C4,100nF BOOST HF,1,BAT_RAW,77.700,72.000,B.Cu
C4,100nF BOOST HF,2,GND,79.300,72.000,B.Cu
C5,22uF 10V X7R OUT,1,BOOST_5V,87.950,75.500,B.Cu
C5,22uF 10V X7R OUT,2,GND,86.050,75.500,B.Cu
C6,22uF 10V X7R OUT,1,BOOST_5V,90.950,79.000,B.Cu
C6,22uF 10V X7R OUT,2,GND,89.050,79.000,B.Cu
D01,1N4148 / DO-35,1,KINT01,21.425,46.520,B.Cu
D01,1N4148 / DO-35,2,KEY_ROW0,29.045,46.520,B.Cu
D02,1N4148 / DO-35,1,KINT02,40.475,46.520,B.Cu
D02,1N4148 / DO-35,2,KEY_ROW0,48.095,46.520,B.Cu
D03,1N4148 / DO-35,1,KINT03,59.525,46.520,B.Cu
D03,1N4148 / DO-35,2,KEY_ROW0,67.145,46.520,B.Cu
D04,1N4148 / DO-35,1,KINT04,78.575,46.520,B.Cu
D04,1N4148 / DO-35,2,KEY_ROW0,86.195,46.520,B.Cu
D05,1N4148 / DO-35,1,KINT05,21.425,27.470,B.Cu
D05,1N4148 / DO-35,2,KEY_ROW1,29.045,27.470,B.Cu
D06,1N4148 / DO-35,1,KINT06,40.475,27.470,B.Cu
D06,1N4148 / DO-35,2,KEY_ROW1,48.095,27.470,B.Cu
D07,1N4148 / DO-35,1,KINT07,59.525,27.470,B.Cu
D07,1N4148 / DO-35,2,KEY_ROW1,67.145,27.470,B.Cu
D08,1N4148 / DO-35,1,KINT08,78.575,27.470,B.Cu
D08,1N4148 / DO-35,2,KEY_ROW1,86.195,27.470,B.Cu
D09,1N4148 / DO-35,1,KINT09,21.425,8.420,B.Cu
D09,1N4148 / DO-35,2,KEY_ROW2,29.045,8.420,B.Cu
D10,1N4148 / DO-35,1,KINT10,40.475,8.420,B.Cu
D10,1N4148 / DO-35,2,KEY_ROW2,48.095,8.420,B.Cu
D11,1N4148 / DO-35,1,KINT11,59.525,8.420,B.Cu
D11,1N4148 / DO-35,2,KEY_ROW2,67.145,8.420,B.Cu
D12,1N4148 / DO-35,1,KINT12,78.575,8.420,B.Cu
D12,1N4148 / DO-35,2,KEY_ROW2,86.195,8.420,B.Cu
D13,SS14 1A SCHOTTKY,1,USB_5V,80.500,78.000,B.Cu
D13,SS14 1A SCHOTTKY,2,BOOST_5V,76.500,78.000,B.Cu
H1,M3 CLEARANCE,,,4.500,4.500,F.Cu
H2,M3 CLEARANCE,,,89.500,4.500,F.Cu
H3,M3 CLEARANCE,,,4.500,85.500,F.Cu
H4,M3 CLEARANCE,,,89.500,85.500,F.Cu
J1,TFT / ST7789,1,GND,90.500,22.000,F.Cu
J1,TFT / ST7789,2,3V3,90.500,24.540,F.Cu
J1,TFT / ST7789,3,TFT_SCLK,90.500,27.080,F.Cu
J1,TFT / ST7789,4,TFT_MOSI,90.500,29.620,F.Cu
J1,TFT / ST7789,5,TFT_RST,90.500,32.160,F.Cu
J1,TFT / ST7789,6,TFT_DC,90.500,34.700,F.Cu
J1,TFT / ST7789,7,TFT_CS,90.500,37.240,F.Cu
J1,TFT / ST7789,8,TFT_BL,90.500,39.780,F.Cu
J2,I2C EXPANSION: 3V3 GND SDA SCL,1,3V3,39.000,64.000,B.Cu
J2,I2C EXPANSION: 3V3 GND SDA SCL,2,GND,39.000,66.540,B.Cu
J2,I2C EXPANSION: 3V3 GND SDA SCL,3,I2C_SDA,39.000,69.080,B.Cu
J2,I2C EXPANSION: 3V3 GND SDA SCL,4,I2C_SCL,39.000,71.620,B.Cu
J3,2xAA PACK (SWITCHED),1,BAT_RAW,76.000,86.000,B.Cu
J3,2xAA PACK (SWITCHED),2,GND,74.000,86.000,B.Cu
L1,1uH Isat>=7A,1,BAT_RAW,88.685,69.000,B.Cu
L1,1uH Isat>=7A,2,BOOST_SW,86.315,69.000,B.Cu
Q1,MMBT3904 / NPN,1,BUZZER_SW,41.438,76.050,B.Cu
Q1,MMBT3904 / NPN,2,GND,41.438,77.950,B.Cu
Q1,MMBT3904 / NPN,3,BUZZER,39.562,77.000,B.Cu
R1,1k BUZZER BASE,1,BUZZER_CTL,31.200,65.500,F.Cu
R1,1k BUZZER BASE,2,BUZZER_SW,32.800,65.500,F.Cu
R2,10k RTC INT PU,1,RTC_INT,56.200,65.500,B.Cu
R2,10k RTC INT PU,2,3V3,57.800,65.500,B.Cu
R3,10k MCP RESET PU,1,3V3,51.000,63.700,B.Cu
R3,10k MCP RESET PU,2,MCP_RESET,51.000,65.300,B.Cu
R4,4k7 I2C SDA PU,1,3V3,59.000,63.700,B.Cu
R4,4k7 I2C SDA PU,2,I2C_SDA,59.000,65.300,B.Cu
R5,4k7 I2C SCL PU,1,3V3,64.000,63.700,B.Cu
R5,4k7 I2C SCL PU,2,I2C_SCL,64.000,65.300,B.Cu
R6,732k BOOST FB TOP,1,BOOST_5V,83.200,82.000,B.Cu
R6,732k BOOST FB TOP,2,BOOST_FB,84.800,82.000,B.Cu
R7,100k BOOST FB BOT,1,BOOST_FB,86.700,82.000,B.Cu
R7,100k BOOST FB BOT,2,GND,88.300,82.000,B.Cu
SW01,MX-STYLE KEY 01,1,KEY_COL0,12.615,49.060,F.Cu
SW01,MX-STYLE KEY 01,2,KINT01,18.965,46.520,F.Cu
SW01,MX-STYLE KEY 01,,,11.345,51.600,F.Cu
SW01,MX-STYLE KEY 01,,,16.425,51.600,F.Cu
SW01,MX-STYLE KEY 01,,,21.505,51.600,F.Cu
SW02,MX-STYLE KEY 02,1,KEY_COL1,31.665,49.060,F.Cu
SW02,MX-STYLE KEY 02,2,KINT02,38.015,46.520,F.Cu
SW02,MX-STYLE KEY 02,,,30.395,51.600,F.Cu
SW02,MX-STYLE KEY 02,,,35.475,51.600,F.Cu
SW02,MX-STYLE KEY 02,,,40.555,51.600,F.Cu
SW03,MX-STYLE KEY 03,1,KEY_COL2,50.715,49.060,F.Cu
SW03,MX-STYLE KEY 03,2,KINT03,57.065,46.520,F.Cu
SW03,MX-STYLE KEY 03,,,49.445,51.600,F.Cu
SW03,MX-STYLE KEY 03,,,54.525,51.600,F.Cu
SW03,MX-STYLE KEY 03,,,59.605,51.600,F.Cu
SW04,MX-STYLE KEY 04,1,KEY_COL3,69.765,49.060,F.Cu
SW04,MX-STYLE KEY 04,2,KINT04,76.115,46.520,F.Cu
SW04,MX-STYLE KEY 04,,,68.495,51.600,F.Cu
SW04,MX-STYLE KEY 04,,,73.575,51.600,F.Cu
SW04,MX-STYLE KEY 04,,,78.655,51.600,F.Cu
SW05,MX-STYLE KEY 05,1,KEY_COL0,12.615,30.010,F.Cu
SW05,MX-STYLE KEY 05,2,KINT05,18.965,27.470,F.Cu
SW05,MX-STYLE KEY 05,,,11.345,32.550,F.Cu
SW05,MX-STYLE KEY 05,,,16.425,32.550,F.Cu
SW05,MX-STYLE KEY 05,,,21.505,32.550,F.Cu
SW06,MX-STYLE KEY 06,1,KEY_COL1,31.665,30.010,F.Cu
SW06,MX-STYLE KEY 06,2,KINT06,38.015,27.470,F.Cu
SW06,MX-STYLE KEY 06,,,30.395,32.550,F.Cu
SW06,MX-STYLE KEY 06,,,35.475,32.550,F.Cu
SW06,MX-STYLE KEY 06,,,40.555,32.550,F.Cu
SW07,MX-STYLE KEY 07,1,KEY_COL2,50.715,30.010,F.Cu
SW07,MX-STYLE KEY 07,2,KINT07,57.065,27.470,F.Cu
SW07,MX-STYLE KEY 07,,,49.445,32.550,F.Cu
SW07,MX-STYLE KEY 07,,,54.525,32.550,F.Cu
SW07,MX-STYLE KEY 07,,,59.605,32.550,F.Cu
SW08,MX-STYLE KEY 08,1,KEY_COL3,69.765,30.010,F.Cu
SW08,MX-STYLE KEY 08,2,KINT08,76.115,27.470,F.Cu
SW08,MX-STYLE KEY 08,,,68.495,32.550,F.Cu
SW08,MX-STYLE KEY 08,,,73.575,32.550,F.Cu
SW08,MX-STYLE KEY 08,,,78.655,32.550,F.Cu
SW09,MX-STYLE KEY 09,1,KEY_COL0,12.615,10.960,F.Cu
SW09,MX-STYLE KEY 09,2,KINT09,18.965,8.420,F.Cu
SW09,MX-STYLE KEY 09,,,11.345,13.500,F.Cu
SW09,MX-STYLE KEY 09,,,16.425,13.500,F.Cu
SW09,MX-STYLE KEY 09,,,21.505,13.500,F.Cu
SW10,MX-STYLE KEY 10,1,KEY_COL1,31.665,10.960,F.Cu
SW10,MX-STYLE KEY 10,2,KINT10,38.015,8.420,F.Cu
SW10,MX-STYLE KEY 10,,,30.395,13.500,F.Cu
SW10,MX-STYLE KEY 10,,,35.475,13.500,F.Cu
SW10,MX-STYLE KEY 10,,,40.555,13.500,F.Cu
SW11,MX-STYLE KEY 11,1,KEY_COL2,50.715,10.960,F.Cu
SW11,MX-STYLE KEY 11,2,KINT11,57.065,8.420,F.Cu
SW11,MX-STYLE KEY 11,,,49.445,13.500,F.Cu
SW11,MX-STYLE KEY 11,,,54.525,13.500,F.Cu
SW11,MX-STYLE KEY 11,,,59.605,13.500,F.Cu
SW12,MX-STYLE KEY 12,1,KEY_COL3,69.765,10.960,F.Cu
SW12,MX-STYLE KEY 12,2,KINT12,76.115,8.420,F.Cu
SW12,MX-STYLE KEY 12,,,68.495,13.500,F.Cu
SW12,MX-STYLE KEY 12,,,73.575,13.500,F.Cu
SW12,MX-STYLE KEY 12,,,78.655,13.500,F.Cu
U1,XIAO ESP32-C3,1,TFT_SCLK,9.380,79.620,B.Cu
U1,XIAO ESP32-C3,2,TFT_MOSI,9.380,77.080,B.Cu
U1,XIAO ESP32-C3,3,TFT_RST,9.380,74.540,B.Cu
U1,XIAO ESP32-C3,4,TFT_DC,9.380,72.000,B.Cu
U1,XIAO ESP32-C3,5,TFT_CS,9.380,69.460,B.Cu
U1,XIAO ESP32-C3,6,TFT_BL,9.380,66.920,B.Cu
U1,XIAO ESP32-C3,7,I2C_SCL,9.380,64.380,B.Cu
U1,XIAO ESP32-C3,8,I2C_SDA,24.620,64.380,B.Cu
U1,XIAO ESP32-C3,9,,24.620,66.920,B.Cu
U1,XIAO ESP32-C3,10,,24.620,69.460,B.Cu
U1,XIAO ESP32-C3,11,BUZZER_CTL,24.620,72.000,B.Cu
U1,XIAO ESP32-C3,12,3V3,24.620,74.540,B.Cu
U1,XIAO ESP32-C3,13,GND,24.620,77.080,B.Cu
U1,XIAO ESP32-C3,14,USB_5V,24.620,79.620,B.Cu
U2,MCP23017-I/SO,1,KEY_COL0,54.150,64.745,B.Cu
U2,MCP23017-I/SO,2,KEY_COL1,54.150,66.015,B.Cu
U2,MCP23017-I/SO,3,KEY_COL2,54.150,67.285,B.Cu
U2,MCP23017-I/SO,4,KEY_COL3,54.150,68.555,B.Cu
U2,MCP23017-I/SO,5,KEY_ROW0,54.150,69.825,B.Cu
U2,MCP23017-I/SO,6,KEY_ROW1,54.150,71.095,B.Cu
U2,MCP23017-I/SO,7,KEY_ROW2,54.150,72.365,B.Cu
U2,MCP23017-I/SO,8,,54.150,73.635,B.Cu
U2,MCP23017-I/SO,9,3V3,54.150,74.905,B.Cu
U2,MCP23017-I/SO,10,GND,54.150,76.175,B.Cu
U2,MCP23017-I/SO,11,,54.150,77.445,B.Cu
U2,MCP23017-I/SO,12,I2C_SCL,54.150,78.715,B.Cu
U2,MCP23017-I/SO,13,I2C_SDA,54.150,79.985,B.Cu
U2,MCP23017-I/SO,14,,54.150,81.255,B.Cu
U2,MCP23017-I/SO,15,GND,44.850,81.255,B.Cu
U2,MCP23017-I/SO,16,GND,44.850,79.985,B.Cu
U2,MCP23017-I/SO,17,GND,44.850,78.715,B.Cu
U2,MCP23017-I/SO,18,MCP_RESET,44.850,77.445,B.Cu
U2,MCP23017-I/SO,19,,44.850,76.175,B.Cu
U2,MCP23017-I/SO,20,,44.850,74.905,B.Cu
U2,MCP23017-I/SO,21,,44.850,73.635,B.Cu
U2,MCP23017-I/SO,22,,44.850,72.365,B.Cu
U2,MCP23017-I/SO,23,,44.850,71.095,B.Cu
U2,MCP23017-I/SO,24,,44.850,69.825,B.Cu
U2,MCP23017-I/SO,25,,44.850,68.555,B.Cu
U2,MCP23017-I/SO,26,,44.850,67.285,B.Cu
U2,MCP23017-I/SO,27,,44.850,66.015,B.Cu
U2,MCP23017-I/SO,28,,44.850,64.745,B.Cu
U3,DS3231S RTC,1,,68.650,68.555,B.Cu
U3,DS3231S RTC,2,3V3,68.650,69.825,B.Cu
U3,DS3231S RTC,3,RTC_INT,68.650,71.095,B.Cu
U3,DS3231S RTC,4,,68.650,72.365,B.Cu
U3,DS3231S RTC,5,GND,68.650,73.635,B.Cu
U3,DS3231S RTC,6,GND,68.650,74.905,B.Cu
U3,DS3231S RTC,7,GND,68.650,76.175,B.Cu
U3,DS3231S RTC,8,GND,68.650,77.445,B.Cu
U3,DS3231S RTC,9,GND,59.350,77.445,B.Cu
U3,DS3231S RTC,10,GND,59.350,76.175,B.Cu
U3,DS3231S RTC,11,GND,59.350,74.905,B.Cu
U3,DS3231S RTC,12,GND,59.350,73.635,B.Cu
U3,DS3231S RTC,13,GND,59.350,72.365,B.Cu
U3,DS3231S RTC,14,GND,59.350,71.095,B.Cu
U3,DS3231S RTC,15,I2C_SDA,59.350,69.825,B.Cu
U3,DS3231S RTC,16,I2C_SCL,59.350,68.555,B.Cu
U4,TPS61023 2xAA BOOST,1,BOOST_FB,82.750,71.500,B.Cu
U4,TPS61023 2xAA BOOST,2,BAT_RAW,82.750,72.000,B.Cu
U4,TPS61023 2xAA BOOST,3,BAT_RAW,82.750,72.500,B.Cu
U4,TPS61023 2xAA BOOST,4,GND,81.250,72.500,B.Cu
U4,TPS61023 2xAA BOOST,5,BOOST_SW,81.250,72.000,B.Cu
U4,TPS61023 2xAA BOOST,6,BOOST_5V,81.250,71.500,B.Cu
