Ref,Val,Package,PosX,PosY,Rot,Side
"BZ1","3.3V PIEZO","Buzzer_12x9.5RM7.6",32.000000,-74.000000,0.000000,bottom
"C1","100nF MCP DECOUPLE","C_0603_1608Metric",56.300000,-75.500000,90.000000,bottom
"C2","100nF RTC DECOUPLE","C_0603_1608Metric",70.500000,-70.800000,90.000000,bottom
"C3","10uF 10V X7R IN","C_0805_2012Metric",78.500000,-68.500000,180.000000,bottom
"C4","100nF BOOST HF","C_0603_1608Metric",78.500000,-72.000000,0.000000,bottom
"C5","22uF 10V X7R OUT","C_0805_2012Metric",87.000000,-75.500000,180.000000,bottom
"C6","22uF 10V X7R OUT","C_0805_2012Metric",90.000000,-79.000000,180.000000,bottom
"D01","1N4148 / DO-35","D_DO-35_SOD27_P7.62mm_Horizontal",21.425000,-46.520000,0.000000,bottom
"D02","1N4148 / DO-35","D_DO-35_SOD27_P7.62mm_Horizontal",40.475000,-46.520000,0.000000,bottom
"D03","1N4148 / DO-35","D_DO-35_SOD27_P7.62mm_Horizontal",59.525000,-46.520000,0.000000,bottom
"D04","1N4148 / DO-35","D_DO-35_SOD27_P7.62mm_Horizontal",78.575000,-46.520000,0.000000,bottom
"D05","1N4148 / DO-35","D_DO-35_SOD27_P7.62mm_Horizontal",21.425000,-27.470000,0.000000,bottom
"D06","1N4148 / DO-35","D_DO-35_SOD27_P7.62mm_Horizontal",40.475000,-27.470000,0.000000,bottom
"D07","1N4148 / DO-35","D_DO-35_SOD27_P7.62mm_Horizontal",59.525000,-27.470000,0.000000,bottom
"D08","1N4148 / DO-35","D_DO-35_SOD27_P7.62mm_Horizontal",78.575000,-27.470000,0.000000,bottom
"D09","1N4148 / DO-35","D_DO-35_SOD27_P7.62mm_Horizontal",21.425000,-8.420000,0.000000,bottom
"D10","1N4148 / DO-35","D_DO-35_SOD27_P7.62mm_Horizontal",40.475000,-8.420000,0.000000,bottom
"D11","1N4148 / DO-35","D_DO-35_SOD27_P7.62mm_Horizontal",59.525000,-8.420000,0.000000,bottom
"D12","1N4148 / DO-35","D_DO-35_SOD27_P7.62mm_Horizontal",78.575000,-8.420000,0.000000,bottom
"D13","SS14 1A SCHOTTKY","D_SMA",78.500000,-78.000000,180.000000,bottom
"J2","I2C EXPANSION: 3V3 GND SDA SCL","PinHeader_1x04_P2.54mm_Vertical",39.000000,-64.000000,180.000000,bottom
"J3","2xAA PACK (SWITCHED)","JST_PH_S2B-PH-K_1x02_P2.00mm_Horizontal",76.000000,-86.000000,180.000000,bottom
"L1","1uH Isat>=7A","L_Wuerth_MAPI-4030",87.500000,-69.000000,180.000000,bottom
"Q1","MMBT3904 / NPN","SOT-23",40.500000,-77.000000,180.000000,bottom
"R2","10k RTC INT PU","R_0603_1608Metric",57.000000,-65.500000,0.000000,bottom
"R3","10k MCP RESET PU","R_0603_1608Metric",51.000000,-64.500000,90.000000,bottom
"R4","4k7 I2C SDA PU","R_0603_1608Metric",59.000000,-64.500000,90.000000,bottom
"R5","4k7 I2C SCL PU","R_0603_1608Metric",64.000000,-64.500000,90.000000,bottom
"R6","732k BOOST FB TOP","R_0603_1608Metric",84.000000,-82.000000,0.000000,bottom
"R7","100k BOOST FB BOT","R_0603_1608Metric",87.500000,-82.000000,0.000000,bottom
"U1","XIAO ESP32-C3","XIAO-ESP32-C3-SMD",17.000000,-72.000000,0.000000,bottom
"U2","MCP23017-I/SO","SOIC-28W_7.5x17.9mm_P1.27mm",49.500000,-73.000000,180.000000,bottom
"U3","DS3231S RTC","SOIC-16W_7.5x10.3mm_P1.27mm",64.000000,-73.000000,180.000000,bottom
"U4","TPS61023 2xAA BOOST","SOT-563",82.000000,-72.000000,180.000000,bottom
"H1","M3 CLEARANCE","MountingHole_3.2mm_M3",4.500000,-4.500000,0.000000,top
"H2","M3 CLEARANCE","MountingHole_3.2mm_M3",89.500000,-4.500000,0.000000,top
"H3","M3 CLEARANCE","MountingHole_3.2mm_M3",4.500000,-85.500000,0.000000,top
"H4","M3 CLEARANCE","MountingHole_3.2mm_M3",89.500000,-85.500000,0.000000,top
"J1","TFT / ST7789","PinHeader_1x08_P2.54mm_Vertical",90.500000,-22.000000,0.000000,top
"R1","1k BUZZER BASE","R_0603_1608Metric",32.000000,-65.500000,0.000000,top
"SW01","MX-STYLE KEY 01","SW_MX_1u",16.425000,-51.600000,0.000000,top
"SW02","MX-STYLE KEY 02","SW_MX_1u",35.475000,-51.600000,0.000000,top
"SW03","MX-STYLE KEY 03","SW_MX_1u",54.525000,-51.600000,0.000000,top
"SW04","MX-STYLE KEY 04","SW_MX_1u",73.575000,-51.600000,0.000000,top
"SW05","MX-STYLE KEY 05","SW_MX_1u",16.425000,-32.549999,0.000000,top
"SW06","MX-STYLE KEY 06","SW_MX_1u",35.475000,-32.549999,0.000000,top
"SW07","MX-STYLE KEY 07","SW_MX_1u",54.525000,-32.549999,0.000000,top
"SW08","MX-STYLE KEY 08","SW_MX_1u",73.575000,-32.549999,0.000000,top
"SW09","MX-STYLE KEY 09","SW_MX_1u",16.425000,-13.500000,0.000000,top
"SW10","MX-STYLE KEY 10","SW_MX_1u",35.475000,-13.500000,0.000000,top
"SW11","MX-STYLE KEY 11","SW_MX_1u",54.525000,-13.500000,0.000000,top
"SW12","MX-STYLE KEY 12","SW_MX_1u",73.575000,-13.500000,0.000000,top
